,Node,Branch,Length
0,"((1, 2, 2), (0, 4, 15))","[(1, 2, 2), (1, 3, 3), (1, 3, 4), (1, 3, 5), (1, 3, 6), (1, 3, 7), (1, 3, 8), (1, 3, 9), (1, 3, 10), (1, 3, 11), (1, 3, 12), (0, 3, 13), (0, 3, 14), (0, 4, 15)]",0.200228258718458
1,"((1, 2, 3), (5, 0, 14))","[(1, 2, 3), (2, 2, 4), (2, 2, 5), (2, 2, 6), (2, 2, 7), (3, 2, 8), (3, 2, 9), (3, 1, 10), (4, 1, 11), (4, 1, 12), (4, 0, 13), (5, 0, 14)]",0.1072617434782127
