,Node,Branch,Length
0,"((0, 0, -1), (0, 15, 13))","[(0, 0, -1), (14, 10, 0), (13, 10, 1), (13, 11, 2), (12, 11, 3), (12, 11, 4), (12, 11, 5), (11, 11, 6), (10, 12, 7), (9, 12, 8), (8, 12, 9), (7, 13, 10), (6, 13, 11), (5, 14, 11), (4, 14, 12), (3, 14, 12), (2, 15, 13), (1, 15, 13), (0, 15, 13)]",0.22815559841771435
1,"((19, 8, 2), (27.0, 7.0, 13.0))","[(19, 8, 2), (20.0, 8.0, 1.0), (21.0, 8.0, 2.0), (21.0, 8.0, 3.0), (21.0, 8.0, 4.0), (22.0, 8.0, 5.0), (22.0, 8.0, 6.0), (23.0, 8.0, 7.0), (23.0, 8.0, 8.0), (24.0, 7.0, 9.0), (25.0, 7.0, 10.0), (25.0, 7.0, 11.0), (26.0, 7.0, 12.0), (27.0, 7.0, 13.0)]",0.11025370315970932
2,"((20, 8, 9), (18, 20, 20))","[(20, 8, 9), (19, 9, 10), (19, 10, 11), (19, 10, 12), (19, 11, 13), (19, 11, 14), (19, 12, 15), (19, 12, 16), (19, 13, 17), (19, 14, 18), (19, 15, 19), (18, 16, 19), (18, 17, 20), (18, 18, 20), (18, 19, 20), (18, 20, 20)]",0.20512927587539512
3,"((22, 8, 15), (29, 3, 29))","[(22, 8, 15), (22, 8, 16), (22, 7, 17), (23, 7, 18), (23, 7, 19), (23, 7, 20), (23, 7, 21), (24, 6, 22), (24, 6, 23), (25, 6, 24), (25, 5, 25), (26, 5, 26), (27, 4, 27), (28, 4, 28), (29, 3, 29)]",0.17094957699561428
4,"((24, 7, 17), (33, 4, 20))","[(24, 7, 17), (25, 6, 18), (26, 6, 19), (27, 6, 20), (28, 6, 20), (29, 5, 21), (30, 5, 21), (31, 4, 21), (32, 4, 20), (33, 4, 20)]",0.0937700121561431
5,"((12, 11, 3), (5, 15, 8))","[(12, 11, 3), (11, 12, 3), (10, 12, 4), (9, 13, 5), (8, 13, 6), (7, 14, 7), (6, 14, 7), (5, 15, 8)]",0.11331783204561788
6,"((11, 11, 6), (11.0, 11.0, 9.0))","[(11, 11, 6), (11.0, 11.0, 7.0), (11.0, 11.0, 8.0), (11.0, 11.0, 9.0)]",0.031537893079897864
7,"((9, 12, 8), (8.0, 13.0, 12.0))","[(9, 12, 8), (9.0, 12.0, 9.0), (8.0, 12.0, 10.0), (8.0, 13.0, 11.0), (8.0, 13.0, 12.0)]",0.053007792283764794
