,Name,Angle,Leaf_no,time
0,Sample_Data/Angle/OPPjNipponbareN234012_230803_plant.ply,28.962797222899738,63,0 days 00:11:41.033284
1,Sample_Data/Angle/OPPjKoshihikariN234003_230803_plant.ply,23.455667483389824,63,0 days 00:09:58.374684
2,Sample_Data/Angle/OHTABC2XN235118_230817_plant.ply,30.297529545991967,69,0 days 00:14:18.487672
3,Sample_Data/Angle/OHPL9C2XN235101_230811_plant.ply,23.77090614367734,66,0 days 00:18:30.971149
